–ß–∏–∑–±—É—Ä–≥–µ—Ä-–ø–∏—Ü—Ü–∞,https://dodopizza-a.akamaihd.net/static/Img/Products/Pizza/ru-RU/9229e2c4-fd5c-496f-9b29-356f899b30cf.jpg,"['–°–æ—É—Å –±—É—Ä–≥–µ—Ä', ' –º—è—Å–Ω–æ–π —Å–æ—É—Å –±–æ–ª–æ–Ω—å–µ–∑–µ', ' –∫—Ä–∞—Å–Ω—ã–π –ª—É–∫', ' –º–æ—Ü–∞—Ä–µ–ª–ª–∞', ' —Ç–æ–º–∞—Ç—ã –∏ —Å–æ–ª–µ–Ω—ã–µ –æ–≥—É—Ä—á–∏–∫–∏']","['695', '565', '375']"
–ö—Ä—ç–π–∑–∏ –ø–µ–ø–ø–µ—Ä–æ–Ω–∏,https://dodopizza-a.akamaihd.net/static/Img/Products/Pizza/ru-RU/67234f6e-0a2d-4176-96c7-61f84c592607.jpg,"['–ü–∏–∫–∞–Ω—Ç–Ω–∞—è –ø–µ–ø–ø–µ—Ä–æ–Ω–∏', ' —Ü—ã–ø–ª–µ–Ω–æ–∫', ' –º–æ—Ü–∞—Ä–µ–ª–ª–∞', ' —Ç–æ–º–∞—Ç–Ω—ã–π —Å–æ—É—Å –∏ –∫–∏—Å–ª–æ-—Å–ª–∞–¥–∫–∏–π —Å–æ—É—Å']","['695', '565', '375']"
–ö—Ä–µ–≤–µ—Ç–∫–∏ –ø–æ-–∞–∑–∏–∞—Ç—Å–∫–∏,https://dodopizza-a.akamaihd.net/static/Img/Products/Pizza/ru-RU/2bf6e509-4ee0-4f6b-90ad-9456aa8bb0b0.jpg,"['–ö—Ä–µ–≤–µ—Ç–∫–∏', ' —à–∞–º–ø–∏–Ω—å–æ–Ω—ã', ' –º–æ—Ü–∞—Ä–µ–ª–ª–∞', ' –∫–∏—Å–ª–æ-—Å–ª–∞–¥–∫–∏–π —Å–æ—É—Å –∏ —á–µ—Ä–Ω—ã–π –∫—É–Ω–∂—É—Ç']","['695', '565', '375']"
–ü–∏—Ü—Ü–∞ –¢–æ–º –Ø–º  üå∂Ô∏è,https://dodopizza-a.akamaihd.net/static/Img/Products/Pizza/ru-RU/6682b9fc-f254-4e32-b9db-31708b8cfc33.jpg,"['–°–æ—É—Å —Ç–æ–º —è–º', ' –∫—Ä–µ–≤–µ—Ç–∫–∏', ' —à–∞–º–ø–∏–Ω—å–æ–Ω—ã', ' —Ç–æ–º–∞—Ç—ã', ' —Å–ª–∞–¥–∫–∏–π –ø–µ—Ä–µ—Ü', ' —Ü—ã–ø–ª–µ–Ω–æ–∫ –∏ –º–æ—Ü–∞—Ä–µ–ª–ª–∞']","['745', '625', '425']"
–ü–∏—Ü—Ü–∞ –∏–∑ –ø–æ–ª–æ–≤–∏–Ω–æ–∫,https://dodopizza-a.akamaihd.net/static/Img/Products/Pizza/ru-RU/77b8b7bb-fe6d-4d78-beff-4c7b455ded68.jpg,['–°–æ–±–µ—Ä–∏—Ç–µ —Å–≤–æ—é –ø–∏—Ü—Ü—É 35 —Å–º —Å –¥–≤—É–º—è —Ä–∞–∑–Ω—ã–º–∏ –≤–∫—É—Å–∞–º–∏'],['0']
–ü–µ–ø–ø–µ—Ä–æ–Ω–∏  üå∂Ô∏è,https://dodopizza-a.akamaihd.net/static/Img/Products/Pizza/ru-RU/ac9d52d6-4fd6-4288-8716-da0d61bd6d27.jpg,"['–ü–∏–∫–∞–Ω—Ç–Ω–∞—è –ø–µ–ø–ø–µ—Ä–æ–Ω–∏', ' —Ç–æ–º–∞—Ç–Ω—ã–π —Å–æ—É—Å –∏ –º–æ—Ü–∞—Ä–µ–ª–ª–∞']","['695', '565', '375']"
–ß–µ—Ç—ã—Ä–µ —Å—ã—Ä–∞  üå±,https://dodopizza-a.akamaihd.net/static/Img/Products/Pizza/ru-RU/c3aec3e4-f2af-4569-a071-c9ea7cfc89a9.jpg,"['–°–ª–∏–≤–æ—á–Ω—ã–π —Å–æ—É—Å', ' —Å—ã—Ä –±–ª—é —á–∏–∑', ' –º–æ—Ü–∞—Ä–µ–ª–ª–∞ –∏ —Å–º–µ—Å—å —Å—ã—Ä–æ–≤ —á–µ–¥–¥–µ—Ä –∏ –ø–∞—Ä–º–µ–∑–∞–Ω']","['745', '625', '425']"
–î–æ–¥–æ,https://dodopizza-a.akamaihd.net/static/Img/Products/Pizza/ru-RU/395a306e-7f19-476c-a524-d1ed3f752f12.jpg,"['–í–µ—Ç—á–∏–Ω–∞', ' —Ñ–∞—Ä—à –∏–∑ –≥–æ–≤—è–¥–∏–Ω—ã', ' –ø–∏–∫–∞–Ω—Ç–Ω–∞—è –ø–µ–ø–ø–µ—Ä–æ–Ω–∏', ' —Ç–æ–º–∞—Ç–Ω—ã–π —Å–æ—É—Å', ' —à–∞–º–ø–∏–Ω—å–æ–Ω—ã', ' —Å–ª–∞–¥–∫–∏–π –ø–µ—Ä–µ—Ü', ' –∫—Ä–∞—Å–Ω—ã–π –ª—É–∫', ' –º–æ—Ü–∞—Ä–µ–ª–ª–∞ –∏ –º–∞—Å–ª–∏–Ω—ã']","['745', '625', '425']"
–ú—è—Å–Ω–∞—è  üå∂Ô∏è,https://dodopizza-a.akamaihd.net/static/Img/Products/Pizza/ru-RU/95920196-dec6-4bf8-bf82-bd1914e948b4.jpg,"['–¶—ã–ø–ª–µ–Ω–æ–∫', ' –≤–µ—Ç—á–∏–Ω–∞', ' –ø–∏–∫–∞–Ω—Ç–Ω–∞—è –ø–µ–ø–ø–µ—Ä–æ–Ω–∏', ' —Ç–æ–º–∞—Ç–Ω—ã–π —Å–æ—É—Å', ' –æ—Å—Ç—Ä–∞—è —á–æ—Ä–∏–∑–æ –∏ –º–æ—Ü–∞—Ä–µ–ª–ª–∞']","['745', '625', '425']"
–ú–µ–∫—Å–∏–∫–∞–Ω—Å–∫–∞—è  üå∂Ô∏è,https://dodopizza-a.akamaihd.net/static/Img/Products/Pizza/ru-RU/7f348c3a-156c-408e-a4d6-364e507b8bdb.jpg,"['–¶—ã–ø–ª–µ–Ω–æ–∫', ' —Ç–æ–º–∞—Ç–Ω—ã–π —Å–æ—É—Å', ' —Å–ª–∞–¥–∫–∏–π –ø–µ—Ä–µ—Ü', ' –∫—Ä–∞—Å–Ω—ã–π –ª—É–∫', ' –º–æ—Ü–∞—Ä–µ–ª–ª–∞', ' –æ—Å—Ç—Ä—ã–π —Ö–∞–ª–∞–ø–µ–Ω—å–æ', ' —Ç–æ–º–∞—Ç—ã –∏ —Å–æ—É—Å —Å–∞–ª—å—Å–∞']","['745', '625', '425']"
–í–µ—Ç—á–∏–Ω–∞ –∏ –≥—Ä–∏–±—ã,https://dodopizza-a.akamaihd.net/static/Img/Products/Pizza/ru-RU/912501d6-28fb-47f0-8fde-a857e6cb528a.jpg,"['–í–µ—Ç—á–∏–Ω–∞', ' —Ç–æ–º–∞—Ç–Ω—ã–π —Å–æ—É—Å', ' —à–∞–º–ø–∏–Ω—å–æ–Ω—ã –∏ –º–æ—Ü–∞—Ä–µ–ª–ª–∞']","['615', '475', '325']"
–ú–∞—Ä–≥–∞—Ä–∏—Ç–∞  üå±,https://dodopizza-a.akamaihd.net/static/Img/Products/Pizza/ru-RU/daf3bb18-400e-49bf-9325-52af8b92099d.jpg,"['–ò—Ç–∞–ª—å—è–Ω—Å–∫–∏–µ —Ç—Ä–∞–≤—ã', ' —Ç–æ–º–∞—Ç–Ω—ã–π —Å–æ—É—Å', ' –º–æ—Ü–∞—Ä–µ–ª–ª–∞ –∏ —Ç–æ–º–∞—Ç—ã']","['615', '475', '325']"
–ì–∞–≤–∞–π—Å–∫–∞—è,https://dodopizza-a.akamaihd.net/static/Img/Products/Pizza/ru-RU/b5a6bd9b-cd1a-4b72-ab39-14f8a0f0c84e.jpg,"['–¶—ã–ø–ª–µ–Ω–æ–∫', ' —Ç–æ–º–∞—Ç–Ω—ã–π —Å–æ—É—Å', ' –º–æ—Ü–∞—Ä–µ–ª–ª–∞ –∏ –∞–Ω–∞–Ω–∞—Å—ã']","['695', '565', '375']"
–°—ã—Ä–Ω–∞—è  üå±,https://dodopizza-a.akamaihd.net/static/Img/Products/Pizza/ru-RU/9dfe5ea3-8195-46a0-924c-40d91f046c25.jpg,['–¢–æ–º–∞—Ç–Ω—ã–π —Å–æ—É—Å –∏ –º–æ—Ü–∞—Ä–µ–ª–ª–∞'],"['615', '475', '325']"
–ü–∏—Ü—Ü–∞-–ø–∏—Ä–æ–≥  üå±,https://dodopizza-a.akamaihd.net/static/Img/Products/Pizza/ru-RU/dc0763d8-9298-4bdc-86ff-6fb995b1207b.jpg,"['–ú–æ–ª–æ–∫–æ —Å–≥—É—â–µ–Ω–Ω–æ–µ', ' –±—Ä—É—Å–Ω–∏–∫–∞ –∏ –∞–Ω–∞–Ω–∞—Å—ã']","['615', '475', '325']"
–ß–µ—Ç—ã—Ä–µ —Å–µ–∑–æ–Ω–∞,https://dodopizza-a.akamaihd.net/static/Img/Products/Pizza/ru-RU/bbd157cd-b90c-45a3-9b2f-f727fcc7f69d.jpg,"['–ò—Ç–∞–ª—å—è–Ω—Å–∫–∏–µ —Ç—Ä–∞–≤—ã', ' –≤–µ—Ç—á–∏–Ω–∞', ' –ø–∏–∫–∞–Ω—Ç–Ω–∞—è –ø–µ–ø–ø–µ—Ä–æ–Ω–∏', ' —Ç–æ–º–∞—Ç–Ω—ã–π —Å–æ—É—Å', ' –∫—É–±–∏–∫–∏ –±—Ä—ã–Ω–∑—ã', ' —à–∞–º–ø–∏–Ω—å–æ–Ω—ã', ' –º–æ—Ü–∞—Ä–µ–ª–ª–∞ –∏ —Ç–æ–º–∞—Ç—ã']","['695', '565', '375']"
–°—É–ø–µ—Ä–º—è—Å–Ω–∞—è  üå∂Ô∏è,https://dodopizza-a.akamaihd.net/static/Img/Products/Pizza/ru-RU/9b658d8b-5507-4753-8fa5-5b929625609e.jpg,"['–¶—ã–ø–ª–µ–Ω–æ–∫', ' —Ñ–∞—Ä—à –∏–∑ –≥–æ–≤—è–¥–∏–Ω—ã', ' –ø–∏–∫–∞–Ω—Ç–Ω–∞—è –ø–µ–ø–ø–µ—Ä–æ–Ω–∏', ' —Ç–æ–º–∞—Ç–Ω—ã–π —Å–æ—É—Å', ' –æ—Å—Ç—Ä–∞—è —á–æ—Ä–∏–∑–æ', ' –º–æ—Ü–∞—Ä–µ–ª–ª–∞ –∏ –±–µ–∫–æ–Ω']","['815', '675', '465']"
–î–≤–æ–π–Ω–∞—è –ø–µ–ø–ø–µ—Ä–æ–Ω–∏  üå∂Ô∏è,https://dodopizza-a.akamaihd.net/static/Img/Products/Pizza/ru-RU/18a04b2b-a66a-4535-a5db-0e639844b745.jpg,"['–ü–∏–∫–∞–Ω—Ç–Ω–∞—è –ø–µ–ø–ø–µ—Ä–æ–Ω–∏', ' —Ç–æ–º–∞—Ç–Ω—ã–π —Å–æ—É—Å –∏ –º–æ—Ü–∞—Ä–µ–ª–ª–∞']","['745', '625', '425']"
–¶—ã–ø–ª–µ–Ω–æ–∫ —Ä–∞–Ω—á,https://dodopizza-a.akamaihd.net/static/Img/Products/Pizza/ru-RU/c18d1b29-26d0-483f-a6b2-fafdb4028761.jpg,"['–¶—ã–ø–ª–µ–Ω–æ–∫', ' –≤–µ—Ç—á–∏–Ω–∞', ' —Å–æ—É—Å —Ä–∞–Ω—á', ' –º–æ—Ü–∞—Ä–µ–ª–ª–∞', ' —Ç–æ–º–∞—Ç—ã –∏ —á–µ—Å–Ω–æ–∫']","['745', '625', '425']"
–°—ã—Ä–Ω—ã–π —Ü—ã–ø–ª–µ–Ω–æ–∫,https://dodopizza-a.akamaihd.net/static/Img/Products/Pizza/ru-RU/d518835f-2c6d-4fd1-a9c7-3f1bd829b4e6.jpg,"['–°—ã—Ä–Ω—ã–π —Å–æ—É—Å', ' —Ü—ã–ø–ª–µ–Ω–æ–∫', ' —Ç–æ–º–∞—Ç—ã –∏ –º–æ—Ü–∞—Ä–µ–ª–ª–∞']","['695', '565', '375']"
–û–≤–æ—â–∏ –∏ –≥—Ä–∏–±—ã  üå±,https://dodopizza-a.akamaihd.net/static/Img/Products/Pizza/ru-RU/a15630bf-34f8-4512-b7c3-ee47248fa050.jpg,"['–ò—Ç–∞–ª—å—è–Ω—Å–∫–∏–µ —Ç—Ä–∞–≤—ã', ' —Ç–æ–º–∞—Ç–Ω—ã–π —Å–æ—É—Å', ' –∫—É–±–∏–∫–∏ –±—Ä—ã–Ω–∑—ã', ' —à–∞–º–ø–∏–Ω—å–æ–Ω—ã', ' —Å–ª–∞–¥–∫–∏–π –ø–µ—Ä–µ—Ü', ' –∫—Ä–∞—Å–Ω—ã–π –ª—É–∫', ' –º–æ—Ü–∞—Ä–µ–ª–ª–∞', ' –º–∞—Å–ª–∏–Ω—ã –∏ —Ç–æ–º–∞—Ç—ã']","['695', '565', '375']"
–ò—Ç–∞–ª—å—è–Ω—Å–∫–∞—è,https://dodopizza-a.akamaihd.net/static/Img/Products/Pizza/ru-RU/8a4fe998-e720-4ad3-9d71-44629d8cf407.jpg,"['–ò—Ç–∞–ª—å—è–Ω—Å–∫–∏–µ —Ç—Ä–∞–≤—ã', ' –ø–∏–∫–∞–Ω—Ç–Ω–∞—è –ø–µ–ø–ø–µ—Ä–æ–Ω–∏', ' —Ç–æ–º–∞—Ç–Ω—ã–π —Å–æ—É—Å', ' —à–∞–º–ø–∏–Ω—å–æ–Ω—ã', ' –º–æ—Ü–∞—Ä–µ–ª–ª–∞ –∏ –º–∞—Å–ª–∏–Ω—ã']","['695', '565', '375']"
–¶—ã–ø–ª–µ–Ω–æ–∫ –±–∞—Ä–±–µ–∫—é,https://dodopizza-a.akamaihd.net/static/Img/Products/Pizza/ru-RU/aeae38c4-b9a8-4f43-957c-d13a5da24b22.jpg,"['–¶—ã–ø–ª–µ–Ω–æ–∫', ' —Å–æ—É—Å –±–∞—Ä–±–µ–∫—é', ' —Ç–æ–º–∞—Ç–Ω—ã–π —Å–æ—É—Å', ' –∫—Ä–∞—Å–Ω—ã–π –ª—É–∫', ' –º–æ—Ü–∞—Ä–µ–ª–ª–∞ –∏ –±–µ–∫–æ–Ω']","['745', '625', '425']"
–î–æ–Ω –ë–µ–∫–æ–Ω,https://dodopizza-a.akamaihd.net/static/Img/Products/Pizza/ru-RU/0da4ea05-1fe4-4667-8950-c4593e81eb0c.jpg,"['–¶—ã–ø–ª–µ–Ω–æ–∫', ' –ø–∏–∫–∞–Ω—Ç–Ω–∞—è –ø–µ–ø–ø–µ—Ä–æ–Ω–∏', ' —Ç–æ–º–∞—Ç–Ω—ã–π —Å–æ—É—Å', ' –∫—Ä–∞—Å–Ω—ã–π –ª—É–∫', ' –º–æ—Ü–∞—Ä–µ–ª–ª–∞ –∏ –±–µ–∫–æ–Ω']","['745', '625', '425']"
